date,revenue,discount_pct,promo_flag,marketing_spend,stockout_flag,category
2023-01-01,752.59,0,0,58.92,0,C
2023-01-02,763.36,0,0,50.84,0,A
2023-01-03,899.17,0,0,35.58,0,C
2023-01-04,924.26,0,0,28.11,0,C
2023-01-05,191.92,0,0,27.02,1,A
2023-01-06,726.57,0,0,26.2,0,B
2023-01-07,186.12,0,0,58.27,1,A
2023-01-08,743.72,0,0,41.08,0,C
2023-01-09,820.24,0,0,33.0,0,A
2023-01-10,853.15,0,0,61.51,0,A
2023-01-11,940.27,0,0,61.21,0,A
2023-01-12,894.86,0,0,52.35,0,A
2023-01-13,800.53,0,0,76.1,0,A
2023-01-14,800.41,0,0,43.12,0,B
2023-01-15,851.6,10,1,606.78,0,B
2023-01-16,875.28,15,1,513.85,0,B
2023-01-17,918.73,0,0,64.39,0,A
2023-01-18,884.15,0,0,79.31,0,A
2023-01-19,916.25,0,0,70.8,0,C
2023-01-20,811.21,0,0,54.78,0,A
2023-01-21,764.97,0,0,57.61,0,A
2023-01-22,762.04,0,0,41.2,0,B
2023-01-23,903.98,0,0,60.77,0,A
2023-01-24,913.98,0,0,66.22,0,B
2023-01-25,921.4,0,0,79.89,0,C
2023-01-26,881.88,0,0,49.55,0,A
2023-01-27,848.77,0,0,23.68,0,C
2023-01-28,802.61,0,0,55.75,0,B
2023-01-29,820.71,0,0,27.14,0,B
2023-01-30,886.53,0,0,34.69,0,B
2023-01-31,1019.91,0,0,39.73,0,B
2023-02-01,936.78,0,0,63.86,0,A
2023-02-02,889.74,0,0,31.03,0,A
2023-02-03,162.06,0,0,29.95,0,C
2023-02-04,825.93,0,0,22.7,0,A
2023-02-05,866.45,0,0,72.39,0,C
2023-02-06,880.78,0,0,61.61,0,B
2023-02-07,914.34,0,0,22.4,0,C
2023-02-08,932.37,0,0,21.7,0,B
2023-02-09,951.66,0,0,53.52,0,B
2023-02-10,887.08,0,0,36.95,0,B
2023-02-11,838.66,0,0,55.8,0,B
2023-02-12,807.19,0,0,46.08,0,A
2023-02-13,908.99,0,0,75.4,0,B
2023-02-14,966.88,0,0,37.27,0,B
2023-02-15,1057.22,15,1,233.13,0,A
2023-02-16,1030.31,10,1,408.97,0,C
2023-02-17,881.34,0,0,77.35,0,B
2023-02-18,858.11,0,0,78.85,0,A
2023-02-19,850.11,0,0,64.34,0,C
2023-02-20,922.41,0,0,47.91,0,A
2023-02-21,999.59,0,0,33.2,0,B
2023-02-22,934.94,0,0,68.75,0,B
2023-02-23,938.55,0,0,64.18,0,B
2023-02-24,863.16,0,0,33.32,0,C
2023-02-25,815.39,0,0,47.07,0,C
2023-02-26,846.97,0,0,47.77,0,B
2023-02-27,982.92,0,0,69.58,0,C
2023-02-28,952.09,0,0,61.03,0,C
2023-03-01,1042.24,0,0,58.59,0,C
2023-03-02,894.35,0,0,58.99,0,B
2023-03-03,879.11,0,0,36.23,0,A
2023-03-04,857.4,0,0,42.3,0,A
2023-03-05,890.14,0,0,22.74,0,B
2023-03-06,961.21,0,0,67.22,0,B
2023-03-07,1027.24,0,0,45.98,0,A
2023-03-08,998.26,0,0,46.29,0,A
2023-03-09,951.06,0,0,34.72,0,C
2023-03-10,935.52,0,0,32.57,0,C
2023-03-11,852.54,0,0,55.27,0,C
2023-03-12,824.65,0,0,33.95,0,A
2023-03-13,893.46,0,0,23.85,0,A
2023-03-14,967.71,0,0,66.05,0,A
2023-03-15,1154.88,20,1,687.05,0,C
2023-03-16,1021.13,5,1,409.74,0,B
2023-03-17,936.76,0,0,45.88,0,C
2023-03-18,850.82,0,0,68.9,0,B
2023-03-19,177.82,0,0,39.25,0,B
2023-03-20,972.46,0,0,65.48,0,B
2023-03-21,998.96,0,0,76.37,0,C
2023-03-22,1044.98,0,0,59.65,0,B
2023-03-23,957.0,0,0,45.9,0,B
2023-03-24,901.17,0,0,64.87,0,C
2023-03-25,856.94,0,0,47.47,0,B
2023-03-26,840.32,0,0,44.87,0,C
2023-03-27,971.1,0,0,51.52,0,B
2023-03-28,995.32,0,0,39.06,0,C
2023-03-29,1029.93,0,0,26.26,0,B
2023-03-30,1006.79,0,0,44.89,0,B
2023-03-31,935.58,0,0,27.43,0,A
2023-04-01,902.32,0,0,44.63,0,B
2023-04-02,888.03,0,0,53.42,0,A
2023-04-03,939.05,0,0,75.84,0,B
2023-04-04,1012.97,0,0,22.17,0,C
2023-04-05,966.14,0,0,57.29,0,B
2023-04-06,932.21,0,0,47.46,0,B
2023-04-07,866.65,0,0,21.22,0,A
2023-04-08,837.24,0,0,34.97,0,C
2023-04-09,908.31,0,0,27.11,0,B
2023-04-10,919.03,0,0,33.01,0,B
2023-04-11,1002.91,0,0,36.47,0,A
2023-04-12,1085.85,0,0,44.08,0,A
2023-04-13,976.72,0,0,51.74,0,A
2023-04-14,949.43,0,0,20.06,0,C
2023-04-15,872.37,5,1,347.81,0,C
2023-04-16,935.59,5,1,705.24,0,A
2023-04-17,917.94,0,0,52.98,0,A
2023-04-18,1004.08,0,0,39.74,0,C
2023-04-19,1067.14,0,0,52.9,0,B
2023-04-20,919.92,0,0,33.31,0,A
2023-04-21,936.09,0,0,21.45,0,B
2023-04-22,887.37,0,0,76.48,0,A
2023-04-23,866.69,0,0,26.5,0,A
2023-04-24,894.83,0,0,27.61,0,B
2023-04-25,1017.75,0,0,28.79,0,C
2023-04-26,1011.18,0,0,78.88,0,C
2023-04-27,996.81,0,0,57.06,0,A
2023-04-28,918.42,0,0,56.62,0,B
2023-04-29,938.91,0,0,79.2,0,C
2023-04-30,877.44,0,0,25.31,0,C
2023-05-01,910.67,0,0,78.47,0,C
2023-05-02,1018.37,0,0,32.24,0,A
2023-05-03,1036.03,0,0,57.38,0,A
2023-05-04,259.25,0,0,45.21,1,A
2023-05-05,945.77,0,0,43.04,0,A
2023-05-06,884.23,0,0,75.87,0,A
2023-05-07,940.8,0,0,28.95,0,A
2023-05-08,898.98,0,0,79.82,0,B
2023-05-09,980.78,0,0,42.75,0,B
2023-05-10,984.68,0,0,58.93,0,B
2023-05-11,962.91,0,0,78.07,0,A
2023-05-12,850.35,0,0,23.46,0,A
2023-05-13,889.17,0,0,75.37,0,C
2023-05-14,868.26,0,0,54.07,0,B
2023-05-15,947.12,10,1,697.85,0,A
2023-05-16,1040.64,15,1,527.48,0,C
2023-05-17,1026.99,0,0,52.0,0,C
2023-05-18,1004.01,0,0,60.41,0,C
2023-05-19,979.16,0,0,47.37,0,A
2023-05-20,970.51,0,0,29.3,0,B
2023-05-21,885.08,0,0,34.65,0,C
2023-05-22,892.1,0,0,71.26,0,C
2023-05-23,905.27,0,0,22.07,0,A
2023-05-24,1017.49,0,0,62.53,0,C
2023-05-25,930.59,0,0,79.96,0,B
2023-05-26,872.81,0,0,20.45,0,B
2023-05-27,820.81,0,0,29.66,0,B
2023-05-28,855.32,0,0,60.45,0,C
2023-05-29,962.94,0,0,23.6,0,A
2023-05-30,989.35,0,0,55.39,0,B
2023-05-31,991.07,0,0,61.04,0,C
2023-06-01,911.01,0,0,55.29,0,B
2023-06-02,813.93,0,0,41.91,0,A
2023-06-03,817.74,0,0,61.84,0,A
2023-06-04,848.72,0,0,55.66,0,B
2023-06-05,981.49,0,0,32.46,0,C
2023-06-06,978.11,0,0,53.79,0,B
2023-06-07,1027.1,0,0,72.91,0,C
2023-06-08,922.37,0,0,60.01,0,B
2023-06-09,823.39,0,0,48.31,0,B
2023-06-10,786.9,0,0,39.3,0,A
2023-06-11,809.67,0,0,25.15,0,B
2023-06-12,985.26,0,0,34.68,0,A
2023-06-13,927.52,0,0,20.67,0,C
2023-06-14,1010.69,0,0,79.2,0,A
2023-06-15,956.66,10,1,575.98,0,C
2023-06-16,932.18,5,1,395.74,0,A
2023-06-17,829.23,0,0,30.12,0,B
2023-06-18,821.71,0,0,37.02,0,A
2023-06-19,887.64,0,0,45.1,0,A
2023-06-20,923.69,0,0,39.46,0,C
2023-06-21,982.92,0,0,67.9,0,A
2023-06-22,902.4,0,0,77.46,0,B
2023-06-23,800.22,0,0,72.52,0,C
2023-06-24,750.99,0,0,29.21,0,B
2023-06-25,824.63,0,0,66.6,0,A
2023-06-26,939.85,0,0,28.88,0,B
2023-06-27,946.23,0,0,74.8,0,B
2023-06-28,947.64,0,0,51.07,0,A
2023-06-29,918.28,0,0,40.18,0,A
2023-06-30,887.42,0,0,29.42,0,B
2023-07-01,798.52,0,0,20.71,0,B
2023-07-02,787.75,0,0,34.88,0,A
2023-07-03,911.27,0,0,74.84,0,B
2023-07-04,944.65,0,0,67.84,0,B
2023-07-05,1003.18,0,0,78.19,0,A
2023-07-06,901.48,0,0,26.05,0,B
2023-07-07,775.51,0,0,55.53,0,C
2023-07-08,723.77,0,0,35.43,0,B
2023-07-09,859.14,0,0,52.58,0,B
2023-07-10,922.22,0,0,39.23,0,C
2023-07-11,906.84,0,0,37.01,0,B
2023-07-12,913.32,0,0,54.43,0,A
2023-07-13,940.96,0,0,31.0,0,B
2023-07-14,767.98,0,0,48.15,0,B
2023-07-15,777.65,5,1,679.07,0,B
2023-07-16,854.67,10,1,361.48,0,A
2023-07-17,827.58,0,0,75.84,0,A
2023-07-18,902.79,0,0,50.34,0,B
2023-07-19,911.21,0,0,69.17,0,C
2023-07-20,885.84,0,0,59.23,0,C
2023-07-21,857.77,0,0,62.6,0,C
2023-07-22,760.22,0,0,62.97,0,A
2023-07-23,796.68,0,0,72.51,0,B
2023-07-24,749.1,0,0,56.82,0,B
2023-07-25,889.13,0,0,36.69,0,B
2023-07-26,870.7,0,0,25.97,0,B
2023-07-27,812.37,0,0,56.38,0,B
2023-07-28,753.43,0,0,23.98,0,A
2023-07-29,730.92,0,0,34.48,0,C
2023-07-30,794.33,0,0,23.64,0,C
2023-07-31,767.17,0,0,52.93,0,A
2023-08-01,881.36,0,0,29.62,0,B
2023-08-02,876.12,0,0,56.62,0,B
2023-08-03,838.21,0,0,67.45,0,C
2023-08-04,820.69,0,0,69.31,0,C
2023-08-05,755.89,0,0,38.57,0,B
2023-08-06,802.65,0,0,52.94,0,C
2023-08-07,804.21,0,0,53.78,0,C
2023-08-08,843.49,0,0,48.37,0,C
2023-08-09,877.06,0,0,59.31,0,A
2023-08-10,849.8,0,0,32.61,0,C
2023-08-11,778.78,0,0,78.75,0,B
2023-08-12,681.17,0,0,25.88,0,A
2023-08-13,744.58,0,0,69.75,0,C
2023-08-14,810.73,0,0,55.65,0,C
2023-08-15,1022.61,10,1,465.71,0,B
2023-08-16,999.69,10,1,243.08,0,B
2023-08-17,797.19,0,0,25.07,0,B
2023-08-18,751.37,0,0,66.47,0,A
2023-08-19,659.41,0,0,55.4,0,C
2023-08-20,707.28,0,0,26.65,0,A
2023-08-21,804.96,0,0,24.77,0,B
2023-08-22,904.13,0,0,65.05,0,A
2023-08-23,839.83,0,0,37.58,0,C
2023-08-24,800.39,0,0,73.36,0,C
2023-08-25,669.94,0,0,65.72,0,B
2023-08-26,704.96,0,0,61.89,0,B
2023-08-27,682.3,0,0,36.72,0,C
2023-08-28,766.63,0,0,62.54,0,C
2023-08-29,815.19,0,0,76.89,0,C
2023-08-30,858.6,0,0,25.49,0,A
2023-08-31,748.74,0,0,39.57,0,B
2023-09-01,689.96,0,0,34.08,0,C
2023-09-02,790.32,0,0,43.6,0,A
2023-09-03,669.5,0,0,64.54,0,C
2023-09-04,738.24,0,0,48.45,0,A
2023-09-05,917.84,0,0,54.24,0,C
2023-09-06,974.69,0,0,38.85,0,B
2023-09-07,767.3,0,0,28.48,0,C
2023-09-08,729.89,0,0,36.02,0,C
2023-09-09,716.32,0,0,71.58,0,A
2023-09-10,786.05,0,0,56.15,0,B
2023-09-11,738.91,0,0,42.68,0,C
2023-09-12,831.99,0,0,67.39,0,A
2023-09-13,885.84,0,0,23.87,0,C
2023-09-14,829.13,0,0,35.23,0,A
2023-09-15,767.86,5,1,562.04,0,B
2023-09-16,722.63,5,1,347.34,0,B
2023-09-17,660.17,0,0,62.37,0,C
2023-09-18,767.76,0,0,57.07,0,C
2023-09-19,827.22,0,0,20.3,0,B
2023-09-20,863.06,0,0,31.06,0,A
2023-09-21,789.57,0,0,58.13,0,B
2023-09-22,760.44,0,0,42.78,0,B
2023-09-23,740.45,0,0,75.46,0,C
2023-09-24,721.18,0,0,65.88,0,C
2023-09-25,790.72,0,0,46.84,0,B
2023-09-26,842.35,0,0,64.97,0,C
2023-09-27,856.51,0,0,78.52,0,A
2023-09-28,783.01,0,0,47.66,0,A
2023-09-29,755.88,0,0,58.55,0,A
2023-09-30,697.14,0,0,75.12,0,C
2023-10-01,798.49,0,0,34.92,0,A
2023-10-02,842.49,0,0,73.19,0,B
2023-10-03,855.54,0,0,25.85,0,C
2023-10-04,827.09,0,0,58.91,0,C
2023-10-05,770.68,0,0,66.97,0,C
2023-10-06,793.37,0,0,56.88,0,A
2023-10-07,713.11,0,0,49.73,0,B
2023-10-08,738.16,0,0,57.04,0,B
2023-10-09,710.91,0,0,29.1,0,C
2023-10-10,881.14,0,0,32.93,0,B
2023-10-11,219.62,0,0,36.19,1,B
2023-10-12,774.28,0,0,55.87,0,A
2023-10-13,730.67,0,0,46.51,0,A
2023-10-14,716.96,0,0,34.67,0,B
2023-10-15,787.41,10,1,709.39,0,A
2023-10-16,812.23,5,1,483.48,0,B
2023-10-17,845.9,0,0,46.76,0,C
2023-10-18,856.2,0,0,44.58,0,B
2023-10-19,829.34,0,0,30.92,0,B
2023-10-20,815.29,0,0,63.9,0,A
2023-10-21,610.63,0,0,46.91,0,B
2023-10-22,179.75,0,0,20.98,1,B
2023-10-23,801.99,0,0,77.84,0,A
2023-10-24,869.97,0,0,68.95,0,A
2023-10-25,859.56,0,0,63.41,0,C
2023-10-26,762.48,0,0,72.15,0,C
2023-10-27,777.76,0,0,74.41,0,B
2023-10-28,789.97,0,0,40.25,0,C
2023-10-29,677.05,0,0,56.66,0,A
2023-10-30,836.79,0,0,56.53,0,A
2023-10-31,851.94,0,0,36.04,0,C
2023-11-01,941.3,10,1,571.2,0,A
2023-11-02,897.56,20,1,756.0,0,B
2023-11-03,835.09,20,1,354.74,0,A
2023-11-04,873.56,20,1,615.76,0,A
2023-11-05,854.31,15,1,792.39,0,B
2023-11-06,928.28,10,1,290.36,0,B
2023-11-07,1006.8,20,1,253.04,0,C
2023-11-08,974.53,10,1,604.52,0,C
2023-11-09,975.42,10,1,403.84,0,B
2023-11-10,842.56,10,1,242.75,0,B
2023-11-11,858.46,20,1,485.18,0,A
2023-11-12,821.84,15,1,652.26,0,A
2023-11-13,874.82,10,1,371.07,0,A
2023-11-14,911.38,10,1,401.03,0,C
2023-11-15,1014.77,10,1,707.42,0,A
2023-11-16,887.93,15,1,512.04,0,B
2023-11-17,892.58,10,1,705.64,0,C
2023-11-18,811.98,15,1,467.83,0,C
2023-11-19,886.95,10,1,771.79,0,B
2023-11-20,927.4,10,1,590.48,0,A
2023-11-21,1061.71,20,1,269.54,0,B
2023-11-22,1018.7,10,1,731.06,0,B
2023-11-23,851.82,5,1,493.56,0,A
2023-11-24,850.07,10,1,284.98,0,C
2023-11-25,775.86,15,1,291.61,0,C
2023-11-26,807.66,5,1,612.52,0,A
2023-11-27,955.28,10,1,228.42,0,A
2023-11-28,974.56,5,1,371.96,0,A
2023-11-29,969.55,15,1,283.87,0,C
2023-11-30,921.58,15,1,464.65,0,A
2023-12-01,823.96,0,0,38.11,0,C
2023-12-02,732.69,0,0,35.31,0,C
2023-12-03,773.48,0,0,62.67,0,B
2023-12-04,877.35,0,0,59.39,0,B
2023-12-05,975.2,0,0,47.08,0,C
2023-12-06,971.53,0,0,57.95,0,C
2023-12-07,813.04,0,0,29.57,0,A
2023-12-08,851.21,0,0,60.4,0,A
2023-12-09,799.67,0,0,36.24,0,B
2023-12-10,831.06,0,0,36.37,0,A
2023-12-11,943.64,0,0,29.73,0,A
2023-12-12,861.8,0,0,39.94,0,C
2023-12-13,938.43,0,0,39.88,0,B
2023-12-14,945.1,0,0,47.25,0,B
2023-12-15,830.42,5,1,518.26,0,A
2023-12-16,237.52,15,1,556.11,1,A
2023-12-17,846.19,0,0,52.5,0,A
2023-12-18,928.98,0,0,27.73,0,B
2023-12-19,938.86,0,0,61.33,0,A
2023-12-20,1012.83,0,0,76.64,0,B
2023-12-21,980.55,0,0,45.61,0,A
2023-12-22,881.51,0,0,74.07,0,B
2023-12-23,838.26,0,0,25.9,0,B
2023-12-24,857.37,0,0,22.58,0,A
2023-12-25,879.0,0,0,63.28,0,B
2023-12-26,972.7,0,0,65.66,0,A
2023-12-27,990.6,0,0,70.58,0,A
2023-12-28,968.8,0,0,23.41,0,C
2023-12-29,928.61,0,0,66.61,0,C
2023-12-30,804.2,0,0,42.59,0,B
2023-12-31,859.18,0,0,38.2,0,C
2024-01-01,988.01,0,0,30.38,0,B
2024-01-02,966.44,0,0,79.76,0,A
2024-01-03,978.36,0,0,23.82,0,C
2024-01-04,980.76,0,0,69.62,0,B
2024-01-05,938.87,0,0,58.37,0,B
2024-01-06,864.96,0,0,64.1,0,B
2024-01-07,935.45,0,0,62.7,0,A
2024-01-08,981.95,0,0,71.51,0,C
2024-01-09,1044.27,0,0,31.03,0,B
2024-01-10,1050.06,0,0,20.05,0,B
2024-01-11,1081.9,0,0,55.91,0,A
2024-01-12,912.81,0,0,41.23,0,C
2024-01-13,799.28,0,0,27.43,0,A
2024-01-14,961.59,0,0,31.17,0,A
2024-01-15,991.71,10,1,231.03,0,C
2024-01-16,1109.55,10,1,767.25,0,A
2024-01-17,1097.01,0,0,23.41,0,B
2024-01-18,942.17,0,0,74.96,0,C
2024-01-19,887.28,0,0,38.73,0,C
2024-01-20,834.34,0,0,78.93,0,B
2024-01-21,884.32,0,0,77.86,0,C
2024-01-22,996.04,0,0,28.55,0,C
2024-01-23,1065.97,0,0,62.9,0,C
2024-01-24,1073.42,0,0,56.05,0,A
2024-01-25,965.1,0,0,61.44,0,C
2024-01-26,860.24,0,0,25.77,0,A
2024-01-27,914.03,0,0,31.31,0,C
2024-01-28,910.3,0,0,24.6,0,A
2024-01-29,1013.87,0,0,56.25,0,A
2024-01-30,1089.44,0,0,79.2,0,A
2024-01-31,1083.56,0,0,60.32,0,B
2024-02-01,1067.41,0,0,62.65,0,A
2024-02-02,979.69,0,0,79.08,0,A
2024-02-03,949.63,0,0,60.68,0,B
2024-02-04,915.86,0,0,22.41,0,C
2024-02-05,1003.95,0,0,72.02,0,B
2024-02-06,1082.1,0,0,41.88,0,B
2024-02-07,1123.44,0,0,20.26,0,B
2024-02-08,1035.1,0,0,50.43,0,B
2024-02-09,1005.54,0,0,76.22,0,B
2024-02-10,930.7,0,0,35.44,0,B
2024-02-11,954.72,0,0,49.49,0,A
2024-02-12,1056.12,0,0,30.43,0,A
2024-02-13,251.83,0,0,23.46,1,C
2024-02-14,1052.55,0,0,24.83,0,B
2024-02-15,1103.48,20,1,416.78,0,A
2024-02-16,990.41,15,1,711.57,0,A
2024-02-17,926.94,0,0,28.6,0,C
2024-02-18,1001.7,0,0,37.3,0,A
2024-02-19,1024.34,0,0,31.7,0,A
2024-02-20,1107.4,0,0,21.61,0,C
2024-02-21,1161.78,0,0,53.21,0,B
2024-02-22,1130.13,0,0,62.0,0,B
2024-02-23,1006.32,0,0,58.87,0,C
2024-02-24,1020.77,0,0,43.28,0,A
2024-02-25,987.84,0,0,53.3,0,B
2024-02-26,1013.37,0,0,25.65,0,C
2024-02-27,1087.34,0,0,29.26,0,B
2024-02-28,1071.17,0,0,75.91,0,A
2024-02-29,1052.53,0,0,65.69,0,C
2024-03-01,1006.23,0,0,75.36,0,C
2024-03-02,1010.79,0,0,75.0,0,A
2024-03-03,1063.5,0,0,58.96,0,A
2024-03-04,1004.1,0,0,75.69,0,C
2024-03-05,1137.42,0,0,45.0,0,A
2024-03-06,1095.57,0,0,20.22,0,C
2024-03-07,1114.32,0,0,23.75,0,A
2024-03-08,255.51,0,0,26.57,1,C
2024-03-09,911.88,0,0,25.72,0,C
2024-03-10,1039.61,0,0,41.1,0,B
2024-03-11,1042.99,0,0,62.08,0,A
2024-03-12,1109.73,0,0,67.44,0,B
2024-03-13,1104.19,0,0,55.41,0,C
2024-03-14,1077.21,0,0,28.79,0,C
2024-03-15,1151.88,20,1,344.15,0,A
2024-03-16,1021.49,5,1,364.34,0,B
2024-03-17,1021.71,0,0,20.78,0,C
2024-03-18,271.82,0,0,36.84,1,A
2024-03-19,1189.16,0,0,39.84,0,C
2024-03-20,1138.71,0,0,36.45,0,A
2024-03-21,1052.46,0,0,68.71,0,C
2024-03-22,1085.38,0,0,65.6,0,A
2024-03-23,986.66,0,0,61.73,0,A
2024-03-24,1058.95,0,0,28.34,0,B
2024-03-25,1094.89,0,0,68.47,0,B
2024-03-26,1137.07,0,0,60.63,0,A
2024-03-27,1170.83,0,0,31.69,0,B
2024-03-28,1193.53,0,0,58.89,0,A
2024-03-29,1129.14,0,0,49.01,0,C
2024-03-30,1005.88,0,0,46.36,0,A
2024-03-31,1024.4,0,0,26.73,0,B
2024-04-01,1125.2,0,0,51.1,0,C
2024-04-02,1109.97,0,0,26.0,0,A
2024-04-03,1173.07,0,0,29.86,0,A
2024-04-04,1115.62,0,0,27.95,0,C
2024-04-05,1062.5,0,0,77.25,0,A
2024-04-06,971.53,0,0,37.09,0,C
2024-04-07,957.11,0,0,41.31,0,B
2024-04-08,1000.36,0,0,39.32,0,C
2024-04-09,275.74,0,0,73.9,1,A
2024-04-10,1143.82,0,0,53.78,0,A
2024-04-11,1108.26,0,0,75.15,0,C
2024-04-12,1126.2,0,0,38.0,0,C
2024-04-13,1049.07,0,0,26.89,0,C
2024-04-14,983.05,0,0,53.37,0,A
2024-04-15,1168.71,10,1,593.74,0,B
2024-04-16,1161.01,5,1,220.51,0,B
2024-04-17,1151.25,0,0,72.77,0,B
2024-04-18,1125.33,0,0,48.35,0,A
2024-04-19,1074.51,0,0,78.28,0,B
2024-04-20,991.36,0,0,53.18,0,B
2024-04-21,1061.77,0,0,36.26,0,A
2024-04-22,1036.4,0,0,49.34,0,B
2024-04-23,1143.14,0,0,22.24,0,A
2024-04-24,1264.13,0,0,68.24,0,A
2024-04-25,1123.32,0,0,26.09,0,A
2024-04-26,1102.45,0,0,38.52,0,B
2024-04-27,1005.76,0,0,53.92,0,A
2024-04-28,1038.67,0,0,22.58,0,B
2024-04-29,1075.25,0,0,24.76,0,B
2024-04-30,1134.49,0,0,61.77,0,C
2024-05-01,1123.07,0,0,24.31,0,A
2024-05-02,1128.73,0,0,48.62,0,B
2024-05-03,1006.92,0,0,40.32,0,A
2024-05-04,1023.26,0,0,33.68,0,B
2024-05-05,1054.62,0,0,31.33,0,B
2024-05-06,1089.35,0,0,65.8,0,C
2024-05-07,1125.54,0,0,77.09,0,B
2024-05-08,1167.31,0,0,28.41,0,C
2024-05-09,1095.11,0,0,77.58,0,A
2024-05-10,1073.45,0,0,55.69,0,A
2024-05-11,918.7,0,0,58.5,0,A
2024-05-12,993.23,0,0,62.6,0,B
2024-05-13,988.56,0,0,62.25,0,A
2024-05-14,1070.27,0,0,69.19,0,A
2024-05-15,1253.03,5,1,670.83,0,A
2024-05-16,1239.46,15,1,780.56,0,C
2024-05-17,999.35,0,0,39.43,0,C
2024-05-18,922.98,0,0,26.32,0,A
2024-05-19,880.48,0,0,59.88,0,C
2024-05-20,1036.81,0,0,22.02,0,A
2024-05-21,1217.45,0,0,36.54,0,B
2024-05-22,1151.72,0,0,25.65,0,A
2024-05-23,1067.71,0,0,31.44,0,B
2024-05-24,1039.36,0,0,58.32,0,C
2024-05-25,913.72,0,0,57.71,0,C
2024-05-26,977.79,0,0,45.26,0,B
2024-05-27,1053.89,0,0,25.41,0,B
2024-05-28,1108.7,0,0,46.0,0,C
2024-05-29,1157.62,0,0,41.16,0,A
2024-05-30,1096.21,0,0,63.23,0,B
2024-05-31,1037.91,0,0,54.74,0,A
2024-06-01,938.68,0,0,49.49,0,C
2024-06-02,1016.12,0,0,49.22,0,B
2024-06-03,1107.89,0,0,77.98,0,B
2024-06-04,1064.37,0,0,65.38,0,B
2024-06-05,1080.85,0,0,49.82,0,A
2024-06-06,1124.95,0,0,48.75,0,A
2024-06-07,991.56,0,0,21.59,0,C
2024-06-08,1013.3,0,0,76.55,0,A
2024-06-09,951.47,0,0,39.15,0,A
2024-06-10,1088.17,0,0,35.36,0,A
2024-06-11,1098.43,0,0,79.96,0,C
2024-06-12,1116.51,0,0,63.12,0,A
2024-06-13,1121.87,0,0,22.84,0,C
2024-06-14,243.46,0,0,23.71,1,B
2024-06-15,1000.58,20,1,473.21,0,C
2024-06-16,1049.3,20,1,723.52,0,B
2024-06-17,1036.23,0,0,24.29,0,A
2024-06-18,1018.99,0,0,76.0,0,B
2024-06-19,1120.91,0,0,76.21,0,B
2024-06-20,1027.74,0,0,52.76,0,A
2024-06-21,1024.32,0,0,57.0,0,B
2024-06-22,836.7,0,0,37.51,0,A
2024-06-23,914.08,0,0,23.84,0,C
2024-06-24,940.96,0,0,64.25,0,C
2024-06-25,1034.31,0,0,26.11,0,A
2024-06-26,1090.96,0,0,25.13,0,B
2024-06-27,1029.58,0,0,38.67,0,B
2024-06-28,954.58,0,0,20.75,0,A
2024-06-29,228.66,0,0,46.04,1,B
2024-06-30,235.92,0,0,62.46,1,A
2024-07-01,956.32,0,0,68.08,0,A
2024-07-02,1085.18,0,0,56.26,0,C
2024-07-03,1097.87,0,0,70.81,0,B
2024-07-04,1040.45,0,0,44.39,0,C
2024-07-05,977.5,0,0,70.93,0,B
2024-07-06,921.07,0,0,50.39,0,C
2024-07-07,1003.51,0,0,33.38,0,C
2024-07-08,981.63,0,0,76.65,0,B
2024-07-09,1031.67,0,0,36.5,0,B
2024-07-10,1026.81,0,0,21.57,0,B
2024-07-11,971.34,0,0,34.56,0,C
2024-07-12,892.12,0,0,42.0,0,B
2024-07-13,861.33,0,0,41.08,0,B
2024-07-14,908.35,0,0,51.48,0,A
2024-07-15,1073.31,20,1,236.38,0,C
2024-07-16,1094.78,10,1,421.33,0,B
2024-07-17,1016.11,0,0,51.25,0,A
2024-07-18,1037.28,0,0,40.41,0,B
2024-07-19,961.24,0,0,69.31,0,B
2024-07-20,878.38,0,0,29.46,0,A
2024-07-21,872.33,0,0,26.21,0,C
2024-07-22,982.53,0,0,50.18,0,C
2024-07-23,1029.58,0,0,60.31,0,C
2024-07-24,978.38,0,0,67.73,0,B
2024-07-25,988.12,0,0,55.38,0,A
2024-07-26,930.91,0,0,66.43,0,A
2024-07-27,838.48,0,0,43.56,0,C
2024-07-28,894.91,0,0,21.97,0,A
2024-07-29,890.42,0,0,26.97,0,C
2024-07-30,1062.89,0,0,22.32,0,C
2024-07-31,1074.21,0,0,39.74,0,A
2024-08-01,969.96,0,0,49.73,0,C
2024-08-02,923.32,0,0,41.38,0,A
2024-08-03,768.3,0,0,53.64,0,B
2024-08-04,832.25,0,0,48.84,0,B
2024-08-05,928.52,0,0,60.68,0,C
2024-08-06,958.54,0,0,60.02,0,B
2024-08-07,1043.06,0,0,39.08,0,C
2024-08-08,1049.86,0,0,40.77,0,B
2024-08-09,852.9,0,0,55.11,0,C
2024-08-10,821.94,0,0,55.79,0,C
2024-08-11,878.21,0,0,38.88,0,C
2024-08-12,994.6,0,0,39.82,0,B
2024-08-13,943.69,0,0,61.64,0,B
2024-08-14,1016.67,0,0,58.84,0,C
2024-08-15,1126.74,15,1,652.74,0,C
2024-08-16,923.78,20,1,705.47,0,C
2024-08-17,796.81,0,0,73.56,0,B
2024-08-18,842.9,0,0,22.18,0,C
2024-08-19,902.96,0,0,71.31,0,C
2024-08-20,1015.73,0,0,29.79,0,C
2024-08-21,1008.36,0,0,50.43,0,A
2024-08-22,883.19,0,0,45.46,0,B
2024-08-23,903.19,0,0,20.61,0,C
2024-08-24,817.97,0,0,74.92,0,C
2024-08-25,905.22,0,0,47.3,0,C
2024-08-26,892.32,0,0,77.26,0,A
2024-08-27,951.66,0,0,37.2,0,A
2024-08-28,1015.15,0,0,71.98,0,C
2024-08-29,980.13,0,0,75.34,0,C
2024-08-30,896.26,0,0,53.41,0,A
2024-08-31,765.85,0,0,32.16,0,B
2024-09-01,871.0,0,0,61.11,0,C
2024-09-02,869.59,0,0,52.94,0,A
2024-09-03,983.47,0,0,76.67,0,C
2024-09-04,930.45,0,0,46.36,0,A
2024-09-05,960.89,0,0,36.11,0,A
2024-09-06,840.43,0,0,28.3,0,C
2024-09-07,779.28,0,0,61.92,0,B
2024-09-08,874.95,0,0,78.45,0,B
2024-09-09,915.34,0,0,21.7,0,C
2024-09-10,945.39,0,0,64.43,0,A
2024-09-11,1043.64,0,0,75.62,0,B
2024-09-12,921.79,0,0,24.49,0,B
2024-09-13,871.08,0,0,26.61,0,C
2024-09-14,838.75,0,0,61.52,0,A
2024-09-15,856.23,5,1,491.63,0,B
2024-09-16,962.83,5,1,461.68,0,B
2024-09-17,947.02,0,0,70.07,0,B
2024-09-18,2415.68,0,0,51.41,0,C
2024-09-19,995.02,0,0,74.43,0,B
2024-09-20,207.33,0,0,72.68,1,C
2024-09-21,730.92,0,0,68.75,0,C
2024-09-22,906.43,0,0,50.95,0,C
2024-09-23,1005.77,0,0,35.1,0,C
2024-09-24,190.19,0,0,50.36,0,B
2024-09-25,904.05,0,0,26.05,0,A
2024-09-26,927.65,0,0,59.53,0,C
2024-09-27,857.8,0,0,28.04,0,B
2024-09-28,819.72,0,0,50.67,0,A
2024-09-29,797.12,0,0,23.26,0,A
2024-09-30,928.41,0,0,37.97,0,A
2024-10-01,988.87,0,0,33.92,0,C
2024-10-02,925.09,0,0,57.2,0,A
2024-10-03,970.45,0,0,67.21,0,C
2024-10-04,953.41,0,0,23.44,0,B
2024-10-05,837.74,0,0,71.02,0,A
2024-10-06,833.35,0,0,71.65,0,B
2024-10-07,902.7,0,0,40.54,0,C
2024-10-08,997.06,0,0,59.54,0,C
2024-10-09,918.51,0,0,44.16,0,B
2024-10-10,950.93,0,0,29.25,0,B
2024-10-11,861.11,0,0,51.72,0,A
2024-10-12,906.75,0,0,25.18,0,A
2024-10-13,844.44,0,0,72.71,0,B
2024-10-14,981.59,0,0,75.46,0,B
2024-10-15,1018.9,20,1,283.15,0,A
2024-10-16,1118.25,20,1,457.04,0,C
2024-10-17,963.82,0,0,53.46,0,B
2024-10-18,849.07,0,0,79.08,0,A
2024-10-19,846.38,0,0,34.87,0,C
2024-10-20,903.71,0,0,24.56,0,A
2024-10-21,907.29,0,0,53.72,0,C
2024-10-22,915.46,0,0,39.73,0,A
2024-10-23,998.96,0,0,39.34,0,B
2024-10-24,920.46,0,0,20.43,0,B
2024-10-25,876.36,0,0,55.77,0,C
2024-10-26,843.7,0,0,35.84,0,A
2024-10-27,795.18,0,0,31.27,0,C
2024-10-28,862.13,0,0,22.43,0,B
2024-10-29,1010.85,0,0,41.86,0,A
2024-10-30,988.96,0,0,72.74,0,B
2024-10-31,863.72,0,0,40.2,0,C
2024-11-01,1013.55,20,1,233.77,0,B
2024-11-02,918.19,5,1,712.18,0,A
2024-11-03,927.17,20,1,340.82,0,B
2024-11-04,962.02,15,1,528.96,0,B
2024-11-05,2845.42,20,1,455.75,0,A
2024-11-06,1084.75,5,1,677.32,0,A
2024-11-07,1158.74,15,1,493.34,0,C
2024-11-08,1022.45,20,1,500.4,0,A
2024-11-09,2476.75,20,1,793.46,0,B
2024-11-10,907.5,5,1,290.08,0,C
2024-11-11,273.07,20,1,698.42,1,A
2024-11-12,1067.89,5,1,231.05,0,B
2024-11-13,1166.86,15,1,486.59,0,A
2024-11-14,1040.61,10,1,731.8,0,C
2024-11-15,985.23,15,1,599.13,0,B
2024-11-16,188.0,15,1,611.13,0,C
2024-11-17,962.46,5,1,357.99,0,C
2024-11-18,1102.42,15,1,451.14,0,B
2024-11-19,1106.26,20,1,419.95,0,A
2024-11-20,1090.17,10,1,512.87,0,B
2024-11-21,1076.11,10,1,477.34,0,A
2024-11-22,1015.46,20,1,396.14,0,B
2024-11-23,966.23,5,1,383.29,0,A
2024-11-24,868.02,10,1,350.51,0,C
2024-11-25,1016.65,15,1,419.03,0,B
2024-11-26,1060.41,10,1,289.96,0,A
2024-11-27,1074.77,20,1,723.26,0,C
2024-11-28,1041.78,10,1,561.27,0,C
2024-11-29,996.09,20,1,280.27,0,B
2024-11-30,945.47,5,1,616.32,0,A
2024-12-01,970.34,0,0,69.6,0,B
2024-12-02,980.96,0,0,74.54,0,B
2024-12-03,1014.31,0,0,75.93,0,C
2024-12-04,1069.78,0,0,53.86,0,A
2024-12-05,1072.58,0,0,46.53,0,C
2024-12-06,925.15,0,0,62.31,0,A
2024-12-07,887.11,0,0,70.3,0,A
2024-12-08,962.73,0,0,53.78,0,B
2024-12-09,996.74,0,0,62.0,0,A
2024-12-10,1096.47,0,0,64.98,0,B
2024-12-11,1087.53,0,0,60.58,0,B
2024-12-12,1075.36,0,0,64.77,0,A
2024-12-13,937.16,0,0,32.52,0,C
2024-12-14,937.99,0,0,49.9,0,A
2024-12-15,1010.99,10,1,557.11,0,C
2024-12-16,1048.53,10,1,794.75,0,C
2024-12-17,1024.55,0,0,71.36,0,B
2024-12-18,1131.59,0,0,56.6,0,A
2024-12-19,1047.75,0,0,27.75,0,C
2024-12-20,955.91,0,0,68.98,0,A
2024-12-21,951.75,0,0,63.02,0,A
2024-12-22,1018.68,0,0,65.5,0,C
2024-12-23,946.16,0,0,43.52,0,B
2024-12-24,1043.85,0,0,71.25,0,C
2024-12-25,1083.33,0,0,44.84,0,A
2024-12-26,1138.28,0,0,54.23,0,B
2024-12-27,1022.41,0,0,20.04,0,C
2024-12-28,1002.86,0,0,58.69,0,C
2024-12-29,944.64,0,0,63.09,0,B
2024-12-30,1009.97,0,0,54.03,0,C
2024-12-31,1137.42,0,0,49.79,0,A
2025-01-01,1140.64,0,0,68.6,0,B
2025-01-02,1119.0,0,0,60.88,0,A
2025-01-03,1021.33,0,0,36.68,0,C
2025-01-04,1001.13,0,0,77.54,0,C
2025-01-05,1013.43,0,0,62.44,0,C
2025-01-06,1104.01,0,0,79.28,0,C
2025-01-07,1170.08,0,0,78.28,0,A
2025-01-08,1090.7,0,0,75.13,0,B
2025-01-09,1024.22,0,0,65.32,0,C
2025-01-10,1086.71,0,0,56.57,0,A
2025-01-11,1051.94,0,0,30.33,0,B
2025-01-12,982.54,0,0,52.6,0,C
2025-01-13,1014.56,0,0,65.92,0,B
2025-01-14,1157.09,0,0,51.25,0,C
2025-01-15,1333.82,20,1,635.42,0,B
2025-01-16,1259.37,10,1,241.17,0,B
2025-01-17,1083.14,0,0,42.86,0,B
2025-01-18,1007.04,0,0,50.36,0,B
2025-01-19,1003.72,0,0,45.94,0,C
2025-01-20,1103.79,0,0,26.52,0,C
2025-01-21,1156.33,0,0,29.21,0,A
2025-01-22,1147.48,0,0,70.26,0,C
2025-01-23,1227.96,0,0,49.06,0,B
2025-01-24,1148.94,0,0,22.92,0,B
2025-01-25,1081.84,0,0,20.99,0,A
2025-01-26,1018.61,0,0,48.41,0,B
2025-01-27,1153.47,0,0,29.86,0,B
2025-01-28,1211.22,0,0,62.31,0,B
2025-01-29,1221.24,0,0,67.72,0,A
2025-01-30,1210.7,0,0,33.7,0,C
2025-01-31,1119.94,0,0,55.53,0,B
2025-02-01,1081.66,0,0,29.27,0,B
2025-02-02,1095.54,0,0,38.21,0,A
2025-02-03,1150.09,0,0,73.33,0,A
2025-02-04,1128.69,0,0,52.65,0,C
2025-02-05,1221.91,0,0,73.15,0,A
2025-02-06,1153.08,0,0,33.51,0,C
2025-02-07,1057.04,0,0,39.8,0,C
2025-02-08,283.66,0,0,48.26,1,B
2025-02-09,1153.96,0,0,48.8,0,C
2025-02-10,1205.21,0,0,79.86,0,B
2025-02-11,1222.87,0,0,26.87,0,C
2025-02-12,1286.25,0,0,71.12,0,A
2025-02-13,1191.33,0,0,71.82,0,B
2025-02-14,1130.46,0,0,53.19,0,B
2025-02-15,1104.06,10,1,563.72,0,C
2025-02-16,1168.85,10,1,260.72,0,A
2025-02-17,1164.09,0,0,37.55,0,C
2025-02-18,1175.39,0,0,67.95,0,A
2025-02-19,1241.72,0,0,49.9,0,A
2025-02-20,1200.27,0,0,75.55,0,B
2025-02-21,1206.7,0,0,57.36,0,A
2025-02-22,1128.6,0,0,50.86,0,B
2025-02-23,1110.94,0,0,62.66,0,C
2025-02-24,1183.95,0,0,50.24,0,C
2025-02-25,1241.07,0,0,74.27,0,A
2025-02-26,1246.0,0,0,31.07,0,B
2025-02-27,1171.4,0,0,78.4,0,B
2025-02-28,1140.22,0,0,68.73,0,A
2025-03-01,1074.72,0,0,71.64,0,B
2025-03-02,1070.27,0,0,48.97,0,B
2025-03-03,1205.72,0,0,70.23,0,C
2025-03-04,1263.23,0,0,38.41,0,A
2025-03-05,1194.24,0,0,65.72,0,A
2025-03-06,1216.93,0,0,28.43,0,C
2025-03-07,1194.0,0,0,38.42,0,C
2025-03-08,1154.9,0,0,46.74,0,A
2025-03-09,1169.83,0,0,39.34,0,A
2025-03-10,1194.25,0,0,43.22,0,B
2025-03-11,1223.86,0,0,69.21,0,C
2025-03-12,1229.16,0,0,35.4,0,A
2025-03-13,1245.53,0,0,64.72,0,A
2025-03-14,1176.5,0,0,24.42,0,C
2025-03-15,1227.17,5,1,689.44,0,C
2025-03-16,1223.28,5,1,430.01,0,C
2025-03-17,1194.6,0,0,44.1,0,C
2025-03-18,1214.52,0,0,63.35,0,C
2025-03-19,1268.4,0,0,74.91,0,A
2025-03-20,1247.05,0,0,68.04,0,A
2025-03-21,1160.41,0,0,43.43,0,A
2025-03-22,1103.12,0,0,49.05,0,A
2025-03-23,1153.4,0,0,66.76,0,C
2025-03-24,1184.89,0,0,37.56,0,B
2025-03-25,1244.65,0,0,68.23,0,A
2025-03-26,1296.86,0,0,39.68,0,A
2025-03-27,1227.05,0,0,68.36,0,A
2025-03-28,1181.85,0,0,25.21,0,B
2025-03-29,1140.11,0,0,22.66,0,B
2025-03-30,1102.38,0,0,79.86,0,A
2025-03-31,1191.3,0,0,72.17,0,C
2025-04-01,1331.04,0,0,72.97,0,A
2025-04-02,1243.06,0,0,77.08,0,B
2025-04-03,1160.38,0,0,46.3,0,B
2025-04-04,1100.99,0,0,37.21,0,B
2025-04-05,1133.13,0,0,27.8,0,C
2025-04-06,1149.98,0,0,50.07,0,C
2025-04-07,1205.93,0,0,33.2,0,A
2025-04-08,1324.04,0,0,76.13,0,B
2025-04-09,1181.33,0,0,20.24,0,A
2025-04-10,1261.29,0,0,28.59,0,B
2025-04-11,1238.84,0,0,34.79,0,B
2025-04-12,1087.85,0,0,31.94,0,B
2025-04-13,1133.27,0,0,33.55,0,A
2025-04-14,1182.12,0,0,59.36,0,A
2025-04-15,1320.49,10,1,701.98,0,A
2025-04-16,1339.32,10,1,287.5,0,A
2025-04-17,1304.36,0,0,73.42,0,B
2025-04-18,1250.27,0,0,56.15,0,C
2025-04-19,1120.09,0,0,61.67,0,A
2025-04-20,1223.93,0,0,41.93,0,A
2025-04-21,1210.77,0,0,29.58,0,B
2025-04-22,1342.19,0,0,39.24,0,C
2025-04-23,1285.32,0,0,77.86,0,A
2025-04-24,1249.58,0,0,57.31,0,A
2025-04-25,1188.07,0,0,36.65,0,B
2025-04-26,1257.37,0,0,47.05,0,B
2025-04-27,1180.37,0,0,70.13,0,C
2025-04-28,1179.54,0,0,60.11,0,A
2025-04-29,1308.25,0,0,53.64,0,A
2025-04-30,1270.84,0,0,73.11,0,B
2025-05-01,1221.18,0,0,60.35,0,B
2025-05-02,1206.94,0,0,58.56,0,C
2025-05-03,1126.51,0,0,31.39,0,B
2025-05-04,1150.89,0,0,26.38,0,B
2025-05-05,1204.67,0,0,77.91,0,A
2025-05-06,1278.25,0,0,55.93,0,A
2025-05-07,1295.87,0,0,44.94,0,C
2025-05-08,1157.79,0,0,55.34,0,A
2025-05-09,1190.06,0,0,23.71,0,B
2025-05-10,1082.22,0,0,69.33,0,C
2025-05-11,1076.51,0,0,33.0,0,C
2025-05-12,1195.23,0,0,68.27,0,A
2025-05-13,1261.68,0,0,52.06,0,A
2025-05-14,1244.25,0,0,36.59,0,C
2025-05-15,1381.07,20,1,425.17,0,C
2025-05-16,1184.84,10,1,781.96,0,A
2025-05-17,1096.24,0,0,30.59,0,B
2025-05-18,1103.09,0,0,23.11,0,A
2025-05-19,1188.14,0,0,65.35,0,C
2025-05-20,1261.33,0,0,41.0,0,C
2025-05-21,1224.24,0,0,43.36,0,A
2025-05-22,1248.61,0,0,34.82,0,B
2025-05-23,1153.34,0,0,71.55,0,B
2025-05-24,1028.92,0,0,37.84,0,A
2025-05-25,1040.17,0,0,32.61,0,A
2025-05-26,1179.57,0,0,38.55,0,C
2025-05-27,1232.13,0,0,32.19,0,B
2025-05-28,1251.29,0,0,39.06,0,A
2025-05-29,1208.96,0,0,24.98,0,A
2025-05-30,1148.53,0,0,29.51,0,B
2025-05-31,1133.5,0,0,45.02,0,C
2025-06-01,1066.57,0,0,72.77,0,B
2025-06-02,1122.78,0,0,23.44,0,C
2025-06-03,1187.49,0,0,32.76,0,B
2025-06-04,1258.85,0,0,74.5,0,C
2025-06-05,250.45,0,0,73.4,0,C
2025-06-06,1113.66,0,0,60.77,0,A
2025-06-07,984.72,0,0,34.43,0,A
2025-06-08,1031.09,0,0,45.19,0,C
2025-06-09,1126.3,0,0,32.67,0,C
2025-06-10,1198.05,0,0,27.72,0,A
2025-06-11,1218.65,0,0,42.8,0,B
2025-06-12,1192.25,0,0,54.55,0,C
2025-06-13,1106.57,0,0,41.6,0,C
2025-06-14,1116.87,0,0,56.65,0,A
2025-06-15,1110.93,5,1,618.03,0,C
2025-06-16,1237.07,20,1,715.38,0,B
2025-06-17,1230.24,0,0,67.44,0,C
2025-06-18,1163.73,0,0,72.7,0,A
2025-06-19,298.53,0,0,39.32,1,B
2025-06-20,1112.3,0,0,54.29,0,A
2025-06-21,264.12,0,0,36.69,1,B
2025-06-22,1138.99,0,0,23.2,0,A
2025-06-23,1113.48,0,0,64.27,0,B
2025-06-24,1279.94,0,0,30.26,0,C
2025-06-25,1203.03,0,0,45.54,0,B
2025-06-26,1116.16,0,0,49.22,0,A
2025-06-27,1098.01,0,0,31.07,0,B
2025-06-28,1006.9,0,0,25.67,0,B
2025-06-29,1034.38,0,0,40.88,0,C
2025-06-30,1142.97,0,0,77.14,0,A
2025-07-01,1209.14,0,0,56.91,0,A
2025-07-02,1175.06,0,0,42.88,0,B
2025-07-03,1193.42,0,0,22.33,0,C
2025-07-04,1130.77,0,0,56.02,0,B
2025-07-05,1095.4,0,0,25.54,0,A
2025-07-06,1074.21,0,0,52.55,0,A
2025-07-07,1169.04,0,0,65.12,0,C
2025-07-08,274.78,0,0,45.42,1,C
2025-07-09,1175.02,0,0,37.96,0,A
2025-07-10,1107.32,0,0,22.84,0,A
2025-07-11,1075.58,0,0,21.49,0,A
2025-07-12,1004.2,0,0,45.8,0,B
2025-07-13,1035.54,0,0,73.0,0,C
2025-07-14,1176.43,0,0,34.64,0,A
2025-07-15,1204.99,5,1,568.52,0,C
2025-07-16,1279.04,15,1,339.53,0,A
2025-07-17,1121.03,0,0,23.65,0,C
2025-07-18,1062.56,0,0,29.19,0,A
2025-07-19,1015.39,0,0,39.88,0,C
2025-07-20,1047.93,0,0,60.21,0,B
2025-07-21,1136.85,0,0,46.34,0,A
2025-07-22,1217.96,0,0,64.05,0,A
2025-07-23,1178.71,0,0,72.06,0,C
2025-07-24,1144.72,0,0,65.5,0,B
2025-07-25,1004.82,0,0,79.53,0,B
2025-07-26,1001.79,0,0,65.26,0,C
2025-07-27,1057.13,0,0,71.13,0,B
2025-07-28,1115.12,0,0,69.94,0,B
2025-07-29,1149.68,0,0,63.82,0,B
2025-07-30,1190.84,0,0,68.11,0,A
2025-07-31,1130.66,0,0,76.08,0,A
2025-08-01,271.7,0,0,48.51,1,A
2025-08-02,1006.11,0,0,58.3,0,B
2025-08-03,993.97,0,0,50.9,0,B
2025-08-04,1083.78,0,0,71.06,0,C
2025-08-05,1013.03,0,0,45.88,0,C
2025-08-06,1160.82,0,0,69.18,0,A
2025-08-07,954.88,0,0,67.96,0,C
2025-08-08,961.62,0,0,77.71,0,C
2025-08-09,1001.9,0,0,34.94,0,B
2025-08-10,1018.48,0,0,62.58,0,B
2025-08-11,1014.31,0,0,65.42,0,A
2025-08-12,1094.18,0,0,76.18,0,A
2025-08-13,1191.63,0,0,74.41,0,A
2025-08-14,1071.97,0,0,54.41,0,B
2025-08-15,1168.33,10,1,325.57,0,B
2025-08-16,1086.09,20,1,693.76,0,A
2025-08-17,1008.18,0,0,78.5,0,A
2025-08-18,1115.83,0,0,35.3,0,A
2025-08-19,1119.28,0,0,63.48,0,B
2025-08-20,1088.57,0,0,67.75,0,C
2025-08-21,1078.91,0,0,46.47,0,B
2025-08-22,1010.78,0,0,32.67,0,A
2025-08-23,228.33,0,0,31.34,1,A
2025-08-24,974.18,0,0,71.39,0,A
2025-08-25,1015.33,0,0,50.65,0,C
2025-08-26,1142.4,0,0,25.41,0,C
2025-08-27,1123.3,0,0,63.02,0,A
2025-08-28,1065.1,0,0,35.01,0,A
2025-08-29,1003.83,0,0,72.58,0,A
2025-08-30,971.26,0,0,38.57,0,C
2025-08-31,1001.4,0,0,32.02,0,A
2025-09-01,998.24,0,0,25.09,0,C
2025-09-02,1059.73,0,0,50.69,0,B
2025-09-03,1160.21,0,0,47.04,0,A
2025-09-04,1056.54,0,0,65.08,0,C
2025-09-05,945.51,0,0,47.88,0,B
2025-09-06,975.75,0,0,40.63,0,C
2025-09-07,991.22,0,0,35.7,0,A
2025-09-08,973.58,0,0,36.69,0,B
2025-09-09,1108.04,0,0,75.67,0,B
2025-09-10,1141.03,0,0,29.9,0,B
2025-09-11,1085.39,0,0,79.29,0,A
2025-09-12,1023.95,0,0,39.62,0,B
2025-09-13,898.19,0,0,25.3,0,C
2025-09-14,983.25,0,0,34.92,0,C
2025-09-15,1066.07,5,1,544.89,0,A
2025-09-16,1140.55,10,1,480.36,0,C
2025-09-17,1145.54,0,0,50.75,0,C
2025-09-18,1125.93,0,0,40.22,0,A
2025-09-19,1069.99,0,0,59.72,0,A
2025-09-20,1007.36,0,0,57.84,0,C
2025-09-21,966.71,0,0,76.39,0,A
2025-09-22,1047.82,0,0,77.68,0,A
2025-09-23,1126.12,0,0,60.84,0,B
2025-09-24,1116.23,0,0,69.07,0,B
2025-09-25,1073.35,0,0,67.55,0,B
2025-09-26,1030.89,0,0,49.48,0,B
2025-09-27,953.1,0,0,62.27,0,C
2025-09-28,940.08,0,0,24.7,0,C
2025-09-29,1017.5,0,0,65.48,0,A
2025-09-30,1122.88,0,0,77.71,0,A
2025-10-01,1110.77,0,0,25.1,0,A
2025-10-02,1083.58,0,0,70.17,0,B
2025-10-03,1028.03,0,0,75.98,0,B
2025-10-04,941.26,0,0,33.57,0,C
2025-10-05,1003.3,0,0,51.49,0,B
2025-10-06,1052.46,0,0,75.67,0,A
2025-10-07,1051.08,0,0,77.61,0,C
2025-10-08,1171.68,0,0,27.67,0,A
2025-10-09,1051.94,0,0,40.94,0,C
2025-10-10,938.03,0,0,61.89,0,C
2025-10-11,918.39,0,0,33.29,0,C
2025-10-12,935.81,0,0,39.49,0,C
2025-10-13,1041.12,0,0,21.4,0,A
2025-10-14,1091.79,0,0,29.21,0,B
2025-10-15,1214.2,20,1,435.98,0,B
2025-10-16,1158.01,5,1,722.44,0,B
2025-10-17,1023.11,0,0,58.93,0,C
2025-10-18,980.17,0,0,66.7,0,B
2025-10-19,999.23,0,0,44.92,0,A
2025-10-20,1070.58,0,0,36.41,0,C
2025-10-21,1024.41,0,0,20.93,0,B
2025-10-22,1111.22,0,0,32.4,0,C
2025-10-23,996.7,0,0,38.74,0,A
2025-10-24,1016.64,0,0,30.69,0,C
2025-10-25,972.4,0,0,21.21,0,A
2025-10-26,1031.45,0,0,29.45,0,B
2025-10-27,1102.42,0,0,59.97,0,C
2025-10-28,1126.71,0,0,57.78,0,B
2025-10-29,1116.22,0,0,76.14,0,A
2025-10-30,1113.26,0,0,67.89,0,C
2025-10-31,1003.96,0,0,54.07,0,C
2025-11-01,1075.63,20,1,335.84,0,A
2025-11-02,1124.06,15,1,501.91,0,A
2025-11-03,1120.26,10,1,794.52,0,A
2025-11-04,1237.34,15,1,207.28,0,A
2025-11-05,1242.8,10,1,533.89,0,B
2025-11-06,1108.9,5,1,507.37,0,A
2025-11-07,1148.64,10,1,684.47,0,C
2025-11-08,1080.25,10,1,413.17,0,A
2025-11-09,1054.58,5,1,446.2,0,B
2025-11-10,1077.51,5,1,300.76,0,B
2025-11-11,1222.36,20,1,644.49,0,B
2025-11-12,1233.43,15,1,670.83,0,A
2025-11-13,1193.06,10,1,282.0,0,B
2025-11-14,1108.3,20,1,436.07,0,B
2025-11-15,1077.41,5,1,735.74,0,B
2025-11-16,1019.19,10,1,201.62,0,C
2025-11-17,1181.22,20,1,379.26,0,B
2025-11-18,1248.94,15,1,533.03,0,B
2025-11-19,1334.42,10,1,400.46,0,A
2025-11-20,1130.5,10,1,363.23,0,A
2025-11-21,1162.14,5,1,476.02,0,B
2025-11-22,1057.67,5,1,308.91,0,B
2025-11-23,1096.53,5,1,517.78,0,C
2025-11-24,1221.87,20,1,624.02,0,C
2025-11-25,1278.14,15,1,545.18,0,A
2025-11-26,1233.35,10,1,255.87,0,B
2025-11-27,1327.75,20,1,706.65,0,B
2025-11-28,1089.22,5,1,304.99,0,A
2025-11-29,1129.71,5,1,658.89,0,B
2025-11-30,1083.43,10,1,416.34,0,B
2025-12-01,1112.71,0,0,58.56,0,A
2025-12-02,1136.96,0,0,59.16,0,B
2025-12-03,1215.51,0,0,56.49,0,C
2025-12-04,1215.06,0,0,77.55,0,A
2025-12-05,1085.58,0,0,50.5,0,B
2025-12-06,1040.39,0,0,63.94,0,A
2025-12-07,1021.27,0,0,62.33,0,A
2025-12-08,1120.06,0,0,34.18,0,C
2025-12-09,1130.46,0,0,37.0,0,B
2025-12-10,1175.79,0,0,45.44,0,A
2025-12-11,1179.94,0,0,36.66,0,B
2025-12-12,1156.76,0,0,42.0,0,A
2025-12-13,1175.46,0,0,43.46,0,B
2025-12-14,1058.03,0,0,56.23,0,A
2025-12-15,1298.77,15,1,515.06,0,B
2025-12-16,1320.85,15,1,591.67,0,B
2025-12-17,1222.48,0,0,46.25,0,B
2025-12-18,1205.71,0,0,62.37,0,B
2025-12-19,1121.95,0,0,24.89,0,A
2025-12-20,1084.14,0,0,48.2,0,A
2025-12-21,1079.89,0,0,21.69,0,A
2025-12-22,1107.17,0,0,60.55,0,B
2025-12-23,1165.29,0,0,40.62,0,B
2025-12-24,1272.82,0,0,76.96,0,C
2025-12-25,1192.86,0,0,39.45,0,A
2025-12-26,1113.79,0,0,53.83,0,A
2025-12-27,1096.17,0,0,35.44,0,C
2025-12-28,1146.58,0,0,57.21,0,C
2025-12-29,296.62,0,0,48.02,1,C
2025-12-30,1217.7,0,0,42.24,0,A
2025-12-31,1310.36,0,0,32.22,0,A
